{"minX":0.0599980466067791,"minY":-0.06000189483165741,"maxX":0.15999804437160492,"maxY":0.03999810665845871,"velX":0.009999999776482582,"velY":0.009999999776482582,"initX":0.009999999776482582,"initY":0.009999999776482582}