{"posX":-0.06000000983476639,"posY":0.3999999165534973,"scaleX":0.10000000149011612,"scaleY":0.10000000149011612}