{"posX":0.10999883711338043,"posY":0.2999995946884155,"scaleX":0.10000000149011612,"scaleY":0.10000000149011612}