{"posX":-0.08199996501207352,"posY":0.07799997180700302,"scaleX":0.10000000149011612,"scaleY":0.10000000149011612,"Rot":0.0}
