{"minX":-0.5829998254776001,"minY":-0.3029998540878296,"maxX":0.0669998824596405,"maxY":0.3469998240470886,"velX":-0.019999999552965164,"velY":-0.019999999552965164,"initX":0.009999999776482582,"initY":0.009999999776482582}