{"posX":-0.10000000149011612,"posY":0.12999999523162842,"scaleX":0.10000000149011612,"scaleY":0.10000000149011612,"Rot":0.0}