{"posX":0.18999309837818146,"posY":-0.030003206804394722,"scaleX":0.10000000149011612,"scaleY":0.10000000149011612,"Rot":0.0}