{"posX":-0.2800000309944153,"posY":0.4299998879432678,"scaleX":0.10000000149011612,"scaleY":0.10000000149011612,"Rot":0.0}