{"minX":0.05999883636832237,"minY":0.24999959766864777,"maxX":0.1599988341331482,"maxY":0.3499996066093445,"velX":0.009999999776482582,"velY":0.009999999776482582,"initX":0.009999999776482582,"initY":0.009999999776482582}