{"minX":-0.15000000596046448,"minY":0.07999999821186066,"maxX":-0.05000000074505806,"maxY":0.17999999225139618,"velX":0.009999999776482582,"velY":0.009999999776482582,"initX":0.009999999776482582,"initY":0.009999999776482582}