{"minX":-0.33000004291534424,"minY":0.37999987602233887,"maxX":-0.23000003397464752,"maxY":0.4799998998641968,"velX":0.009999999776482582,"velY":0.009999999776482582,"initX":0.009999999776482582,"initY":0.009999999776482582}

