{"minX":-0.13199996948242188,"minY":0.02799997106194496,"maxX":-0.03199996426701546,"maxY":0.12799997627735138,"velX":0.009999999776482582,"velY":0.009999999776482582,"initX":0.009999999776482582,"initY":0.009999999776482582}