{"minX":0.1399931013584137,"minY":-0.08000320941209793,"maxX":0.23999309539794922,"maxY":0.019996793940663338,"velX":0.009999999776482582,"velY":0.009999999776482582,"initX":0.009999999776482582,"initY":0.009999999776482582}