{"posX":0.10799884051084518,"posY":-0.0120009146630764,"scaleX":0.10000000149011612,"scaleY":0.10000000149011612}