{"posX":0.10999804735183716,"posY":-0.0100018959492445,"scaleX":0.10000000149011612,"scaleY":0.10000000149011612}