{"posX":0.1499999761581421,"posY":0.22000004351139069,"scaleX":0.10000000149011612,"scaleY":0.10000000149011612}

