{"posX":-0.25899994373321533,"posY":0.020999977365136147,"scaleX":0.6499996781349182,"scaleY":0.6499996781349182,"Rot":0.0}