{"minX":0.057998839765787125,"minY":-0.06200091540813446,"maxX":0.15799884498119354,"maxY":0.03799908608198166,"velX":0.009999999776482582,"velY":0.009999999776482582,"initX":0.009999999776482582,"initY":0.009999999776482582}