{"posX":0.5,"posY":0.5,"scaleX":0.10000000149011612,"scaleY":0.10000000149011612,"Rot":0.0}