{"minX":0.15000000596046448,"minY":0.15000000596046448,"maxX":0.25,"maxY":0.25,"velX":0.0,"velY":0.0,"initX":0.0,"initY":0.0, "col":3}