{"minX":0.05000000074505806,"minY":0.05000000074505806,"maxX":0.15000000596046448,"maxY":0.15000000596046448,"velX":0.0,"velY":0.0,"initX":0.0,"initY":0.0}